{
  "config": {
    "benchmarks": [
      "heat",
      "gol",
      "ks",
      "gray_scott",
      "rule110",
      "wireworld",
      "grid_world"
    ],
    "models": [
      "rescor",
      "rescor_e2"
    ],
    "grid_size": 16,
    "epochs": 30,
    "trajectories": 300,
    "seed": 0,
    "quick": false,
    "no_wandb": true
  },
  "results": {
    "heat": {
      "rescor": {
        "one_step": {
          "mse": 0.0001559443154837936
        },
        "rollout": {
          "1": 0.00844031386077404,
          "3": 0.0064370171166956425,
          "5": 0.005377527326345444,
          "10": 0.003996402490884066
        },
        "params": {
          "trained": 321,
          "frozen": 12
        },
        "train_time": 30.438374519348145
      },
      "rescor_e2": {
        "one_step": {
          "mse": 1.4659481561870456e-06
        },
        "rollout": {
          "1": 2.3437150957761332e-05,
          "3": 4.16137081629131e-05,
          "5": 5.510927439900115e-05,
          "10": 8.333839650731534e-05
        },
        "params": {
          "trained": 2849,
          "frozen": 12
        },
        "train_time": 35.01697397232056
      }
    },
    "gol": {
      "rescor": {
        "one_step": {
          "accuracy": 0.9578993055555556,
          "bce": 0.20895349707868363
        },
        "rollout": {
          "1": 0.9375,
          "3": 0.9049479166666666,
          "5": 0.8640625,
          "10": 0.8
        },
        "params": {
          "trained": 321,
          "frozen": 12
        },
        "train_time": 11.744568109512329
      },
      "rescor_e2": {
        "one_step": {
          "accuracy": 0.9614105902777778,
          "bce": 0.22143423544036017
        },
        "rollout": {
          "1": 0.9375,
          "3": 0.8932291666666666,
          "5": 0.85078125,
          "10": 0.80390625
        },
        "params": {
          "trained": 2849,
          "frozen": 12
        },
        "train_time": 13.934261322021484
      }
    },
    "ks": {
      "rescor": {
        "one_step": {
          "mse": 1.2781672170376623e-06
        },
        "rollout": {
          "1": 3.8374844280042453e-07,
          "3": 1.762555370987684e-06,
          "5": 4.092217750439886e-06,
          "10": 1.381046877213521e-05
        },
        "params": {
          "trained": 321,
          "frozen": 12
        },
        "train_time": 39.02143144607544
      },
      "rescor_e2": {
        "one_step": {
          "mse": 7.476428054076224e-08
        },
        "rollout": {
          "1": 5.3017764400919987e-08,
          "3": 2.5695126737446117e-07,
          "5": 6.299832762124424e-07,
          "10": 2.3724555830995087e-06
        },
        "params": {
          "trained": 2849,
          "frozen": 12
        },
        "train_time": 47.85940861701965
      }
    },
    "gray_scott": {
      "rescor": {
        "one_step": {
          "mse": 3.6651328668489844e-06
        },
        "rollout": {
          "1": 2.9241544325486757e-05,
          "3": 5.150711513124406e-05,
          "5": 6.99650845490396e-05,
          "10": 0.00015040847938507795
        },
        "params": {
          "trained": 626,
          "frozen": 21
        },
        "train_time": 41.60017466545105
      },
      "rescor_e2": {
        "one_step": {
          "mse": 1.3152660009533672e-06
        },
        "rollout": {
          "1": 7.203280802059453e-06,
          "3": 2.2917729438631795e-05,
          "5": 3.878322240780108e-05,
          "10": 7.056564936647192e-05
        },
        "params": {
          "trained": 4610,
          "frozen": 21
        },
        "train_time": 49.67805528640747
      }
    },
    "rule110": {
      "rescor": {
        "one_step": {
          "accuracy": 0.9709722222222222,
          "bce": 0.05743874244115971
        },
        "rollout": {
          "1": 0.9375,
          "3": 0.9166666666666666,
          "5": 0.825,
          "10": 0.7125
        },
        "params": {
          "trained": 321,
          "frozen": 12
        },
        "train_time": 11.763917684555054
      },
      "rescor_e2": {
        "one_step": {
          "accuracy": 0.9709722222222222,
          "bce": 0.048826954237840794
        },
        "rollout": {
          "1": 0.9375,
          "3": 0.9166666666666666,
          "5": 0.825,
          "10": 0.7125
        },
        "params": {
          "trained": 2849,
          "frozen": 12
        },
        "train_time": 13.994367122650146
      }
    },
    "wireworld": {
      "rescor": {
        "one_step": {
          "accuracy": 0.9882682291666667,
          "ce": 0.7536330795288086
        },
        "rollout": {
          "1": 0.990234375,
          "3": 0.9817708333333334,
          "5": 0.985546875,
          "10": 0.985546875
        },
        "params": {
          "trained": 1236,
          "frozen": 39
        },
        "train_time": 8.202967405319214
      },
      "rescor_e2": {
        "one_step": {
          "accuracy": 0.9764626736111112,
          "ce": 0.7591227626800537
        },
        "rollout": {
          "1": 0.9921875,
          "3": 0.982421875,
          "5": 0.986328125,
          "10": 0.987109375
        },
        "params": {
          "trained": 8132,
          "frozen": 39
        },
        "train_time": 10.214029312133789
      }
    },
    "grid_world": {
      "rescor": {
        "one_step": {
          "accuracy": 0.9991145833333334,
          "ce": 0.00690590087738302
        },
        "rollout": {
          "action_conditioned": true,
          "skipped_reason": "Input channels 8 != output channels 4 (action-conditioned; rollout not applicable)"
        },
        "params": {
          "trained": 1812,
          "frozen": 39
        },
        "train_time": 3.7934648990631104,
        "cem_planning": {
          "success_rate": 0.04,
          "avg_steps": 24.5,
          "avg_reward": 0.04
        }
      },
      "rescor_e2": {
        "one_step": {
          "accuracy": 0.9991927083333333,
          "ce": 0.002373266787164741
        },
        "rollout": {
          "action_conditioned": true,
          "skipped_reason": "Input channels 8 != output channels 4 (action-conditioned; rollout not applicable)"
        },
        "params": {
          "trained": 9284,
          "frozen": 39
        },
        "train_time": 5.049638032913208,
        "cem_planning": {
          "success_rate": 0.0,
          "avg_steps": 0.0,
          "avg_reward": 0.0
        }
      }
    }
  },
  "timestamp": "2026-04-10T21:07:47"
}