{
  "config": {
    "benchmarks": [
      "heat",
      "gol",
      "ks",
      "gray_scott",
      "rule110",
      "wireworld",
      "grid_world"
    ],
    "models": [
      "rescor",
      "rescor_e2"
    ],
    "grid_size": 16,
    "epochs": 30,
    "trajectories": 300,
    "seed": 1,
    "quick": false,
    "no_wandb": true
  },
  "results": {
    "heat": {
      "rescor": {
        "one_step": {
          "mse": 3.8467593675603795e-07
        },
        "rollout": {
          "1": 7.00916871210211e-07,
          "3": 1.3739781934418716e-06,
          "5": 2.0332493022579e-06,
          "10": 3.3292981242993847e-06
        },
        "params": {
          "trained": 321,
          "frozen": 12
        },
        "train_time": 25.17821216583252
      },
      "rescor_e2": {
        "one_step": {
          "mse": 2.679544062832267e-06
        },
        "rollout": {
          "1": 1.0767386811494362e-05,
          "3": 2.338662488909904e-05,
          "5": 3.715811908477917e-05,
          "10": 7.56398803787306e-05
        },
        "params": {
          "trained": 2849,
          "frozen": 12
        },
        "train_time": 29.15865921974182
      }
    },
    "gol": {
      "rescor": {
        "one_step": {
          "accuracy": 0.9567144097222222,
          "bce": 0.12648379253016578
        },
        "rollout": {
          "1": 0.9375,
          "3": 0.8697916666666666,
          "5": 0.82265625,
          "10": 0.787890625
        },
        "params": {
          "trained": 321,
          "frozen": 12
        },
        "train_time": 8.865114688873291
      },
      "rescor_e2": {
        "one_step": {
          "accuracy": 0.9583897569444444,
          "bce": 0.21150913927290174
        },
        "rollout": {
          "1": 0.9375,
          "3": 0.8671875,
          "5": 0.81796875,
          "10": 0.781640625
        },
        "params": {
          "trained": 2849,
          "frozen": 12
        },
        "train_time": 11.155475854873657
      }
    },
    "ks": {
      "rescor": {
        "one_step": {
          "mse": 3.668497520922958e-06
        },
        "rollout": {
          "1": 3.281339786553872e-07,
          "3": 1.5497440699618892e-06,
          "5": 3.696664407470962e-06,
          "10": 1.3342121746973135e-05
        },
        "params": {
          "trained": 321,
          "frozen": 12
        },
        "train_time": 47.35628938674927
      },
      "rescor_e2": {
        "one_step": {
          "mse": 6.126348910129309e-07
        },
        "rollout": {
          "1": 8.471443990742955e-09,
          "3": 3.9350069869215076e-08,
          "5": 9.23468803648575e-08,
          "10": 3.1965427638169785e-07
        },
        "params": {
          "trained": 2849,
          "frozen": 12
        },
        "train_time": 59.00069975852966
      }
    },
    "gray_scott": {
      "rescor": {
        "one_step": {
          "mse": 2.738038063600672e-06
        },
        "rollout": {
          "1": 1.5582663763780147e-05,
          "3": 3.952184852096252e-05,
          "5": 6.793253123760223e-05,
          "10": 0.00012365434668026865
        },
        "params": {
          "trained": 626,
          "frozen": 21
        },
        "train_time": 46.92470192909241
      },
      "rescor_e2": {
        "one_step": {
          "mse": 7.101277310034169e-07
        },
        "rollout": {
          "1": 2.2846727461001137e-06,
          "3": 3.494572411000263e-06,
          "5": 5.822751518280711e-06,
          "10": 1.2983738088223618e-05
        },
        "params": {
          "trained": 4610,
          "frozen": 21
        },
        "train_time": 58.30481934547424
      }
    },
    "rule110": {
      "rescor": {
        "one_step": {
          "accuracy": 0.9692592592592593,
          "bce": 0.05874765886752694
        },
        "rollout": {
          "1": 1.0,
          "3": 0.9583333333333334,
          "5": 0.9,
          "10": 0.79375
        },
        "params": {
          "trained": 321,
          "frozen": 12
        },
        "train_time": 14.521209001541138
      },
      "rescor_e2": {
        "one_step": {
          "accuracy": 0.9692592592592593,
          "bce": 0.0490950103159304
        },
        "rollout": {
          "1": 1.0,
          "3": 0.9583333333333334,
          "5": 0.9,
          "10": 0.79375
        },
        "params": {
          "trained": 2849,
          "frozen": 12
        },
        "train_time": 17.76172947883606
      }
    },
    "wireworld": {
      "rescor": {
        "one_step": {
          "accuracy": 0.9730512152777778,
          "ce": 0.7631495499610901
        },
        "rollout": {
          "1": 0.9873046875,
          "3": 0.9736328125,
          "5": 0.9654296875,
          "10": 0.96669921875
        },
        "params": {
          "trained": 1236,
          "frozen": 39
        },
        "train_time": 10.010669469833374
      },
      "rescor_e2": {
        "one_step": {
          "accuracy": 0.9729904513888888,
          "ce": 0.7614880230691697
        },
        "rollout": {
          "1": 0.990234375,
          "3": 0.9775390625,
          "5": 0.9666015625,
          "10": 0.96435546875
        },
        "params": {
          "trained": 8132,
          "frozen": 39
        },
        "train_time": 11.488699197769165
      }
    },
    "grid_world": {
      "rescor": {
        "one_step": {
          "accuracy": 0.999296875,
          "ce": 0.008823765880531735
        },
        "rollout": {
          "action_conditioned": true,
          "skipped_reason": "Input channels 8 != output channels 4 (action-conditioned; rollout not applicable)"
        },
        "params": {
          "trained": 1812,
          "frozen": 39
        },
        "train_time": 4.411329984664917,
        "cem_planning": {
          "success_rate": 0.3,
          "avg_steps": 26.433333333333334,
          "avg_reward": 0.3
        }
      },
      "rescor_e2": {
        "one_step": {
          "accuracy": 0.9994010416666667,
          "ce": 0.0014462834803594484
        },
        "rollout": {
          "action_conditioned": true,
          "skipped_reason": "Input channels 8 != output channels 4 (action-conditioned; rollout not applicable)"
        },
        "params": {
          "trained": 9284,
          "frozen": 39
        },
        "train_time": 4.640432834625244,
        "cem_planning": {
          "success_rate": 0.42,
          "avg_steps": 23.166666666666668,
          "avg_reward": 0.42
        }
      }
    }
  },
  "timestamp": "2026-04-10T21:26:25"
}