{
  "config": {
    "benchmarks": [
      "heat",
      "gol",
      "ks",
      "gray_scott",
      "rule110",
      "wireworld",
      "grid_world"
    ],
    "models": [
      "rescor",
      "rescor_e2"
    ],
    "grid_size": 16,
    "epochs": 30,
    "trajectories": 300,
    "seed": 2,
    "quick": false,
    "no_wandb": true
  },
  "results": {
    "heat": {
      "rescor": {
        "one_step": {
          "mse": 1.4468547343413875e-06
        },
        "rollout": {
          "1": 1.0865071089938283e-05,
          "3": 1.0888994438573718e-05,
          "5": 1.2005401003989391e-05,
          "10": 1.328604957961943e-05
        },
        "params": {
          "trained": 321,
          "frozen": 12
        },
        "train_time": 25.15069079399109
      },
      "rescor_e2": {
        "one_step": {
          "mse": 1.8400200402134538e-06
        },
        "rollout": {
          "1": 1.0763677892100532e-05,
          "3": 1.6727522961446084e-05,
          "5": 2.255509389215149e-05,
          "10": 5.8231991715729237e-05
        },
        "params": {
          "trained": 2849,
          "frozen": 12
        },
        "train_time": 32.18504548072815
      }
    },
    "gol": {
      "rescor": {
        "one_step": {
          "accuracy": 0.8651388888888889,
          "bce": 0.3444383022520277
        },
        "rollout": {
          "1": 0.73828125,
          "3": 0.68359375,
          "5": 0.68046875,
          "10": 0.669140625
        },
        "params": {
          "trained": 321,
          "frozen": 12
        },
        "train_time": 10.657965898513794
      },
      "rescor_e2": {
        "one_step": {
          "accuracy": 0.9572569444444444,
          "bce": 0.20971933119826847
        },
        "rollout": {
          "1": 0.9140625,
          "3": 0.8528645833333334,
          "5": 0.8078125,
          "10": 0.7328125
        },
        "params": {
          "trained": 2849,
          "frozen": 12
        },
        "train_time": 12.607262372970581
      }
    },
    "ks": {
      "rescor": {
        "one_step": {
          "mse": 2.243827659994066e-06
        },
        "rollout": {
          "1": 4.1765197238419205e-06,
          "3": 1.487462577642873e-05,
          "5": 2.8931739507243037e-05,
          "10": 7.396414002869278e-05
        },
        "params": {
          "trained": 321,
          "frozen": 12
        },
        "train_time": 50.507006883621216
      },
      "rescor_e2": {
        "one_step": {
          "mse": 2.8786132704144366e-07
        },
        "rollout": {
          "1": 7.575865197395615e-07,
          "3": 2.906997224272345e-06,
          "5": 5.683242761733709e-06,
          "10": 1.3355219380173367e-05
        },
        "params": {
          "trained": 2849,
          "frozen": 12
        },
        "train_time": 61.409297704696655
      }
    },
    "gray_scott": {
      "rescor": {
        "one_step": {
          "mse": 4.08230672999505e-06
        },
        "rollout": {
          "1": 3.4246244467794895e-05,
          "3": 0.00011636735871434212,
          "5": 0.00023159035481512547,
          "10": 0.0005888318410143256
        },
        "params": {
          "trained": 626,
          "frozen": 21
        },
        "train_time": 50.763115882873535
      },
      "rescor_e2": {
        "one_step": {
          "mse": 1.020264320231945e-06
        },
        "rollout": {
          "1": 7.038971489237156e-06,
          "3": 1.7710952306515537e-05,
          "5": 2.4230004783021286e-05,
          "10": 3.7129044358152896e-05
        },
        "params": {
          "trained": 4610,
          "frozen": 21
        },
        "train_time": 59.406559467315674
      }
    },
    "rule110": {
      "rescor": {
        "one_step": {
          "accuracy": 0.9684722222222222,
          "bce": 0.09041055070029365
        },
        "rollout": {
          "1": 0.875,
          "3": 0.8333333333333334,
          "5": 0.8,
          "10": 0.66875
        },
        "params": {
          "trained": 321,
          "frozen": 12
        },
        "train_time": 14.943066120147705
      },
      "rescor_e2": {
        "one_step": {
          "accuracy": 0.9684722222222222,
          "bce": 0.04891626508699523
        },
        "rollout": {
          "1": 0.875,
          "3": 0.8333333333333334,
          "5": 0.8,
          "10": 0.66875
        },
        "params": {
          "trained": 2849,
          "frozen": 12
        },
        "train_time": 19.02791714668274
      }
    },
    "wireworld": {
      "rescor": {
        "one_step": {
          "accuracy": 0.9802387152777777,
          "ce": 0.7580026425255669
        },
        "rollout": {
          "1": 0.994140625,
          "3": 0.990234375,
          "5": 0.9904296875,
          "10": 0.99208984375
        },
        "params": {
          "trained": 1236,
          "frozen": 39
        },
        "train_time": 10.26369333267212
      },
      "rescor_e2": {
        "one_step": {
          "accuracy": 0.9899826388888889,
          "ce": 0.7504275782903036
        },
        "rollout": {
          "1": 0.9970703125,
          "3": 0.9925130208333334,
          "5": 0.9927734375,
          "10": 0.99521484375
        },
        "params": {
          "trained": 8132,
          "frozen": 39
        },
        "train_time": 12.561870098114014
      }
    },
    "grid_world": {
      "rescor": {
        "one_step": {
          "accuracy": 0.9990364583333333,
          "ce": 0.007118811835017469
        },
        "rollout": {
          "action_conditioned": true,
          "skipped_reason": "Input channels 8 != output channels 4 (action-conditioned; rollout not applicable)"
        },
        "params": {
          "trained": 1812,
          "frozen": 39
        },
        "train_time": 4.257067918777466,
        "cem_planning": {
          "success_rate": 0.36,
          "avg_steps": 27.583333333333332,
          "avg_reward": 0.36
        }
      },
      "rescor_e2": {
        "one_step": {
          "accuracy": 0.9991840277777778,
          "ce": 0.0019321186581833494
        },
        "rollout": {
          "action_conditioned": true,
          "skipped_reason": "Input channels 8 != output channels 4 (action-conditioned; rollout not applicable)"
        },
        "params": {
          "trained": 9284,
          "frozen": 39
        },
        "train_time": 4.544101715087891,
        "cem_planning": {
          "success_rate": 0.32,
          "avg_steps": 22.65625,
          "avg_reward": 0.32
        }
      }
    }
  },
  "timestamp": "2026-04-10T21:44:15"
}