{
  "config": {
    "benchmarks": [
      "heat",
      "gol",
      "ks",
      "gray_scott",
      "rule110",
      "wireworld",
      "grid_world"
    ],
    "models": [
      "rescor",
      "rescor_e2",
      "rescor_e3"
    ],
    "grid_size": 16,
    "epochs": 30,
    "trajectories": 300,
    "seed": 2,
    "quick": false,
    "no_wandb": true
  },
  "results": {
    "heat": {
      "rescor": {
        "one_step": {
          "mse": 1.5008015282849859e-06
        },
        "rollout": {
          "1": 1.0758375537989195e-05,
          "3": 1.0325154107704293e-05,
          "5": 1.121682180382777e-05,
          "10": 1.1676679605443496e-05
        },
        "params": {
          "trained": 321,
          "frozen": 12
        },
        "train_time": 26.4556245803833
      },
      "rescor_e2": {
        "one_step": {
          "mse": 1.5568021282079927e-06
        },
        "rollout": {
          "1": 1.028723272611387e-05,
          "3": 1.7327516616205685e-05,
          "5": 2.608076283650007e-05,
          "10": 5.783843880635686e-05
        },
        "params": {
          "trained": 2849,
          "frozen": 12
        },
        "train_time": 29.502449989318848
      },
      "rescor_e3": {
        "one_step": {
          "mse": 2.1529568805110305e-06
        },
        "rollout": {
          "1": 1.5445037206518464e-05,
          "3": 1.6234664144576527e-05,
          "5": 1.6533342204638757e-05,
          "10": 1.550637352920603e-05
        },
        "params": {
          "trained": 2849,
          "frozen": 12
        },
        "train_time": 32.56191921234131
      }
    },
    "gol": {
      "rescor": {
        "one_step": {
          "accuracy": 0.8450217013888889,
          "bce": 0.33600323955218
        },
        "rollout": {
          "1": 0.7265625,
          "3": 0.671875,
          "5": 0.66953125,
          "10": 0.653515625
        },
        "params": {
          "trained": 321,
          "frozen": 12
        },
        "train_time": 10.407401323318481
      },
      "rescor_e2": {
        "one_step": {
          "accuracy": 0.9573090277777778,
          "bce": 0.22669832130273182
        },
        "rollout": {
          "1": 0.91796875,
          "3": 0.8489583333333334,
          "5": 0.8015625,
          "10": 0.724609375
        },
        "params": {
          "trained": 2849,
          "frozen": 12
        },
        "train_time": 12.069853782653809
      },
      "rescor_e3": {
        "one_step": {
          "accuracy": 0.95734375,
          "bce": 0.2163431664970186
        },
        "rollout": {
          "1": 0.921875,
          "3": 0.8528645833333334,
          "5": 0.80625,
          "10": 0.733203125
        },
        "params": {
          "trained": 2849,
          "frozen": 12
        },
        "train_time": 12.902703046798706
      }
    },
    "ks": {
      "rescor": {
        "one_step": {
          "mse": 1.1261387879181307e-06
        },
        "rollout": {
          "1": 1.4529174450217397e-06,
          "3": 6.394016509148059e-06,
          "5": 1.4423150787479244e-05,
          "10": 4.732576780952513e-05
        },
        "params": {
          "trained": 321,
          "frozen": 12
        },
        "train_time": 49.1031813621521
      },
      "rescor_e2": {
        "one_step": {
          "mse": 3.3005862383864343e-06
        },
        "rollout": {
          "1": 3.6119067203799204e-07,
          "3": 1.445370457986428e-06,
          "5": 3.0684834655403392e-06,
          "10": 9.296921234636102e-06
        },
        "params": {
          "trained": 2849,
          "frozen": 12
        },
        "train_time": 58.505481004714966
      },
      "rescor_e3": {
        "one_step": {
          "mse": 2.887813782261143e-07
        },
        "rollout": {
          "1": 1.686623818386579e-07,
          "3": 5.612686777567433e-07,
          "5": 1.0762025794974761e-06,
          "10": 2.8134206786489813e-06
        },
        "params": {
          "trained": 2849,
          "frozen": 12
        },
        "train_time": 60.77743124961853
      }
    },
    "gray_scott": {
      "rescor": {
        "one_step": {
          "mse": 5.998164688207908e-06
        },
        "rollout": {
          "1": 6.510425009764731e-05,
          "3": 0.00011919071403099224,
          "5": 0.00018632218416314572,
          "10": 0.0004035680613014847
        },
        "params": {
          "trained": 626,
          "frozen": 21
        },
        "train_time": 46.681899547576904
      },
      "rescor_e2": {
        "one_step": {
          "mse": 1.267260113612186e-06
        },
        "rollout": {
          "1": 1.0200569704466034e-05,
          "3": 3.1560823117615655e-05,
          "5": 5.3463409130927175e-05,
          "10": 8.134414383675903e-05
        },
        "params": {
          "trained": 4610,
          "frozen": 21
        },
        "train_time": 55.67084288597107
      },
      "rescor_e3": {
        "one_step": {
          "mse": 1.1804009108244725e-06
        },
        "rollout": {
          "1": 6.177069735713303e-06,
          "3": 1.8619963157107122e-05,
          "5": 2.7880534616997465e-05,
          "10": 3.8464746467070654e-05
        },
        "params": {
          "trained": 4610,
          "frozen": 21
        },
        "train_time": 59.91979956626892
      }
    },
    "rule110": {
      "rescor": {
        "one_step": {
          "accuracy": 0.7904166666666667,
          "bce": 18.909143877382633
        },
        "rollout": {
          "1": 0.8125,
          "3": 0.7083333333333334,
          "5": 0.6625,
          "10": 0.575
        },
        "params": {
          "trained": 321,
          "frozen": 12
        },
        "train_time": 14.52240538597107
      },
      "rescor_e2": {
        "one_step": {
          "accuracy": 0.9684722222222222,
          "bce": 0.04894562076639246
        },
        "rollout": {
          "1": 0.875,
          "3": 0.8333333333333334,
          "5": 0.8,
          "10": 0.66875
        },
        "params": {
          "trained": 2849,
          "frozen": 12
        },
        "train_time": 17.499422788619995
      },
      "rescor_e3": {
        "one_step": {
          "accuracy": 0.9684722222222222,
          "bce": 0.048785558972093794
        },
        "rollout": {
          "1": 0.875,
          "3": 0.8333333333333334,
          "5": 0.8,
          "10": 0.66875
        },
        "params": {
          "trained": 2849,
          "frozen": 12
        },
        "train_time": 18.377702951431274
      }
    },
    "wireworld": {
      "rescor": {
        "one_step": {
          "accuracy": 0.9802126736111111,
          "ce": 0.7575404450628492
        },
        "rollout": {
          "1": 0.9951171875,
          "3": 0.98828125,
          "5": 0.986328125,
          "10": 0.987109375
        },
        "params": {
          "trained": 1236,
          "frozen": 39
        },
        "train_time": 9.551097631454468
      },
      "rescor_e2": {
        "one_step": {
          "accuracy": 0.9801388888888889,
          "ce": 0.7567512962553237
        },
        "rollout": {
          "1": 0.9951171875,
          "3": 0.9905598958333334,
          "5": 0.9892578125,
          "10": 0.98876953125
        },
        "params": {
          "trained": 8132,
          "frozen": 39
        },
        "train_time": 11.851349592208862
      },
      "rescor_e3": {
        "one_step": {
          "accuracy": 0.9801432291666666,
          "ce": 0.7568080952432421
        },
        "rollout": {
          "1": 0.9951171875,
          "3": 0.9905598958333334,
          "5": 0.9896484375,
          "10": 0.9912109375
        },
        "params": {
          "trained": 8132,
          "frozen": 39
        },
        "train_time": 12.827553510665894
      }
    },
    "grid_world": {
      "rescor": {
        "one_step": {
          "accuracy": 0.9990451388888889,
          "ce": 0.004961729823715157
        },