{
  "config": {
    "benchmarks": [
      "heat",
      "gol",
      "ks",
      "gray_scott",
      "rule110",
      "wireworld",
      "grid_world"
    ],
    "models": [
      "rescor_e3b"
    ],
    "grid_size": 16,
    "epochs": 30,
    "trajectories": 300,
    "seed": 0,
    "quick": false,
    "no_wandb": true
  },
  "results": {
    "heat": {
      "rescor_e3b": {
        "one_step": {
          "mse": 1.7211895711726458e-06
        },
        "rollout": {
          "1": 6.739660602761433e-05,
          "3": 0.00010388872033217922,
          "5": 0.00011832443851744756,
          "10": 0.00012038678687531501
        },
        "params": {
          "trained": 4641,
          "frozen": 12
        },
        "train_time": 35.19042754173279
      }
    },
    "gol": {
      "rescor_e3b": {
        "one_step": {
          "accuracy": 0.9612717013888888,
          "bce": 0.2005138873391681
        },
        "rollout": {
          "1": 0.9296875,
          "3": 0.8880208333333334,
          "5": 0.84375,
          "10": 0.79921875
        },
        "params": {
          "trained": 4641,
          "frozen": 12
        },
        "train_time": 13.940938234329224
      }
    },
    "ks": {
      "rescor_e3b": {
        "one_step": {
          "mse": 3.793300516955848e-08
        },
        "rollout": {
          "1": 5.2010746820485565e-09,
          "3": 2.1220557755441405e-08,
          "5": 4.565372435649806e-08,
          "10": 1.3800836029531638e-07
        },
        "params": {
          "trained": 4641,
          "frozen": 12
        },
        "train_time": 64.4785590171814
      }
    },
    "gray_scott": {
      "rescor_e3b": {
        "one_step": {
          "mse": 1.0257858454375916e-06
        },
        "rollout": {
          "1": 3.314528385089943e-06,
          "3": 7.228840331663378e-06,
          "5": 1.092997808882501e-05,
          "10": 2.0102461348869838e-05
        },
        "params": {
          "trained": 8130,
          "frozen": 21
        },
        "train_time": 62.324039936065674
      }
    },
    "rule110": {
      "rescor_e3b": {
        "one_step": {
          "accuracy": 0.9679629629629629,
          "bce": 0.04923074785206053
        },
        "rollout": {
          "1": 0.9375,
          "3": 0.8958333333333334,
          "5": 0.8,
          "10": 0.7125
        },
        "params": {
          "trained": 4641,
          "frozen": 12
        },
        "train_time": 19.69647765159607
      }
    },
    "wireworld": {
      "rescor_e3b": {
        "one_step": {
          "accuracy": 0.9764756944444445,
          "ce": 0.7591089540057712
        },
        "rollout": {
          "1": 0.9921875,
          "3": 0.9837239583333334,
          "5": 0.987109375,
          "10": 0.9875
        },
        "params": {
          "trained": 15108,
          "frozen": 39
        },
        "train_time": 13.03896689414978
      }
    },
    "grid_world": {
      "rescor_e3b": {
        "one_step": {
          "accuracy": 0.9991319444444444,
          "ce": 0.001973283322941926
        },
        "rollout": {
          "action_conditioned": true,
          "skipped_reason": "Input channels 8 != output channels 4 (action-conditioned; rollout not applicable)"
        },
        "params": {
          "trained": 17412,
          "frozen": 39
        },
        "train_time": 5.865124464035034,
        "cem_planning": {
          "success_rate": 0.06,
          "avg_steps": 15.5,
          "avg_reward": 0.06
        }
      }
    }
  },
  "cross_benchmark_scores": {
    "rescor_e3b": {
      "norm_score": 1.0,
      "raw_score": 0.9864056454766194,
      "param_eff_score": 0.26024591110102946,
      "pareto_score": 1.0,
      "avg_rank": 1.0,
      "best_on": [
        "heat",
        "gol",
        "ks",
        "gray_scott",
        "rule110",
        "wireworld",
        "grid_world"
      ],
      "worst_on": [
        "heat",
        "gol",
        "ks",
        "gray_scott",
        "rule110",
        "wireworld",
        "grid_world"
      ],
      "n_benchmarks": 7
    }
  },
  "timestamp": "2026-04-12T00:14:27"
}