{
  "config": {
    "benchmarks": [
      "heat",
      "gol",
      "ks",
      "gray_scott",
      "rule110",
      "wireworld",
      "grid_world"
    ],
    "models": [
      "rescor",
      "rescor_e2"
    ],
    "grid_size": 16,
    "epochs": 30,
    "trajectories": 300,
    "seed": 42,
    "quick": false,
    "no_wandb": true
  },
  "results": {
    "heat": {
      "rescor": {
        "one_step": {
          "mse": 8.760495228443687e-08
        },
        "rollout": {
          "1": 1.7032218693202594e-06,
          "3": 2.7444718853075756e-06,
          "5": 3.1275199035007972e-06,
          "10": 3.2616983389743837e-06
        },
        "params": {
          "trained": 321,
          "frozen": 12
        },
        "train_time": 25.235828399658203
      },
      "rescor_e2": {
        "one_step": {
          "mse": 1.335035541261378e-06
        },
        "rollout": {
          "1": 1.9952862203354016e-05,
          "3": 4.246337994118221e-05,
          "5": 5.501013220055029e-05,
          "10": 7.388902304228395e-05
        },
        "params": {
          "trained": 2849,
          "frozen": 12
        },
        "train_time": 29.283940315246582
      }
    },
    "gol": {
      "rescor": {
        "one_step": {
          "accuracy": 0.9462673611111111,
          "bce": 0.26155904253323875
        },
        "rollout": {
          "1": 0.890625,
          "3": 0.8138020833333334,
          "5": 0.728125,
          "10": 0.65859375
        },
        "params": {
          "trained": 321,
          "frozen": 12
        },
        "train_time": 11.332147121429443
      },
      "rescor_e2": {
        "one_step": {
          "accuracy": 0.9605164930555555,
          "bce": 0.19896908203760783
        },
        "rollout": {
          "1": 0.92578125,
          "3": 0.8580729166666666,
          "5": 0.81171875,
          "10": 0.7265625
        },
        "params": {
          "trained": 2849,
          "frozen": 12
        },
        "train_time": 12.13502311706543
      }
    },
    "ks": {
      "rescor": {
        "one_step": {
          "mse": 6.100892042013584e-07
        },
        "rollout": {
          "1": 1.5214251902762044e-07,
          "3": 7.168189313233597e-07,
          "5": 1.7053802139344043e-06,
          "10": 6.109011337684933e-06
        },
        "params": {
          "trained": 321,
          "frozen": 12
        },
        "train_time": 49.76685380935669
      },
      "rescor_e2": {
        "one_step": {
          "mse": 8.891233329045968e-08
        },
        "rollout": {
          "1": 3.1687665824620126e-08,
          "3": 1.392228767826964e-07,
          "5": 3.1351336815532704e-07,
          "10": 1.0148389719688566e-06
        },
        "params": {
          "trained": 2849,
          "frozen": 12
        },
        "train_time": 58.1260712146759
      }
    },
    "gray_scott": {
      "rescor": {
        "one_step": {
          "mse": 2.837578753112919e-06
        },
        "rollout": {
          "1": 3.0736340704606846e-05,
          "3": 6.149170076241717e-05,
          "5": 0.00010828248923644423,
          "10": 0.00025825327611528337
        },
        "params": {
          "trained": 626,
          "frozen": 21
        },
        "train_time": 52.07287073135376
      },
      "rescor_e2": {
        "one_step": {
          "mse": 8.15693114165899e-07
        },
        "rollout": {
          "1": 3.939896942029009e-06,
          "3": 7.793219083396252e-06,
          "5": 1.3523787856684066e-05,
          "10": 3.0337434509419836e-05
        },
        "params": {
          "trained": 4610,
          "frozen": 21
        },
        "train_time": 60.604570388793945
      }
    },
    "rule110": {
      "rescor": {
        "one_step": {
          "accuracy": 0.968287037037037,
          "bce": 0.09979138266157221
        },
        "rollout": {
          "1": 0.9375,
          "3": 0.9166666666666666,
          "5": 0.8375,
          "10": 0.74375
        },
        "params": {
          "trained": 321,
          "frozen": 12
        },
        "train_time": 13.869598627090454
      },
      "rescor_e2": {
        "one_step": {
          "accuracy": 0.968287037037037,
          "bce": 0.049379333870278465
        },
        "rollout": {
          "1": 0.9375,
          "3": 0.9166666666666666,
          "5": 0.8375,
          "10": 0.74375
        },
        "params": {
          "trained": 2849,
          "frozen": 12
        },
        "train_time": 18.317672729492188
      }
    },
    "wireworld": {
      "rescor": {
        "one_step": {
          "accuracy": 0.9789583333333334,
          "ce": 0.7593709479437935
        },
        "rollout": {
          "1": 0.9892578125,
          "3": 0.9833984375,
          "5": 0.9865234375,
          "10": 0.991015625
        },
        "params": {
          "trained": 1236,
          "frozen": 39
        },
        "train_time": 8.45831561088562
      },
      "rescor_e2": {
        "one_step": {
          "accuracy": 0.9788107638888889,
          "ce": 0.7575952021280924
        },
        "rollout": {
          "1": 0.9931640625,
          "3": 0.9840494791666666,
          "5": 0.98515625,
          "10": 0.98994140625
        },
        "params": {
          "trained": 8132,
          "frozen": 39
        },
        "train_time": 10.291167497634888
      }
    },
    "grid_world": {
      "rescor": {
        "one_step": {
          "accuracy": 0.9992361111111111,
          "ce": 0.005215732279337115
        },
        "rollout": {
          "action_conditioned": true,
          "skipped_reason": "Input channels 8 != output channels 4 (action-conditioned; rollout not applicable)"
        },
        "params": {
          "trained": 1812,
          "frozen": 39
        },
        "train_time": 4.053351402282715,
        "cem_planning": {
          "success_rate": 0.03,
          "avg_steps": 40.0,
          "avg_reward": 0.03
        }
      },
      "rescor_e2": {
        "one_step": {
          "accuracy": 0.9991666666666666,
          "ce": 0.0017720610001641843
        },
        "rollout": {
          "action_conditioned": true,
          "skipped_reason": "Input channels 8 != output channels 4 (action-conditioned; rollout not applicable)"
        },
        "params": {
          "trained": 9284,
          "frozen": 39
        },
        "train_time": 5.017074346542358,
        "cem_planning": {
          "success_rate": 0.32,
          "avg_steps": 21.375,
          "avg_reward": 0.32
        }
      }
    }
  },
  "timestamp": "2026-04-10T17:14:20"
}